exposure_base,datetime_utc,date_dir,filter,raw_path,selection_method,status,hdu_index,chip_name,ccdnum,x,y,distance_pix,uncertainty_pix,margin_pix,ra_deg,dec_deg,mjd,output_path,skip_reason
c4d_141018_043456_ooi_g_ls10,2014-10-18T04:29:56.088767Z,2014-10-18,g,/Volumes/uranus/COC/SBSAR/2013_RN30/CTIO-4m_DECam/c4d_141018_043456_ooi_g_ls10/c4d_141018_043456_ooi_g_ls10.fits.fz,wcs_uncertainty_overlap,selected,25,S2,26,2048.615,2483.481,2.615,5.521,5.521,9.275255599,0.835793781,56948.187454731,/Users/orionadmin/GitHub/photometrypipeline/PP/2014-10-18/g/c4d_141018_043456_ooi_g_ls10_chip25-S2.fits,
c4d_141018_044343_ooi_g_ls10,2014-10-18T04:38:43.970493Z,2014-10-18,g,/Volumes/uranus/COC/SBSAR/2013_RN30/CTIO-4m_DECam/c4d_141018_044343_ooi_g_ls10/c4d_141018_044343_ooi_g_ls10.fits.fz,png_chip,selected,25,S2,26,1797.473,2256.551,0.000,5.521,5.521,9.274845511,0.835527659,56948.193564473,/Users/orionadmin/GitHub/photometrypipeline/PP/2014-10-18/g/c4d_141018_044343_ooi_g_ls10_chip25-S2.fits,
c4d_141018_045232_ooi_g_ls10,2014-10-18T04:47:32.086208Z,2014-10-18,g,/Volumes/uranus/COC/SBSAR/2013_RN30/CTIO-4m_DECam/c4d_141018_045232_ooi_g_ls10/c4d_141018_045232_ooi_g_ls10.fits.fz,,skipped,,,,,,,5.521,5.521,9.274435386,0.835261427,56948.199676924,,target center outside all chips beyond uncertainty margin
c4d_141018_050120_ooi_g_ls10,2014-10-18T04:56:21.085216Z,2014-10-18,g,/Volumes/uranus/COC/SBSAR/2013_RN30/CTIO-4m_DECam/c4d_141018_050120_ooi_g_ls10/c4d_141018_050120_ooi_g_ls10.fits.fz,png_chip,selected,32,N2,33,83.918,2248.754,0.000,5.521,5.521,9.274024736,0.834994760,56948.205799597,/Users/orionadmin/GitHub/photometrypipeline/PP/2014-10-18/g/c4d_141018_050120_ooi_g_ls10_chip32-N2.fits,
c4d_141018_051006_ooi_g_ls10,2014-10-18T05:05:08.436186Z,2014-10-18,g,/Volumes/uranus/COC/SBSAR/2013_RN30/CTIO-4m_DECam/c4d_141018_051006_ooi_g_ls10/c4d_141018_051006_ooi_g_ls10.fits.fz,png_chip,selected,32,N2,33,87.117,2466.103,0.000,5.525,5.525,9.273615541,0.834728932,56948.211903197,/Users/orionadmin/GitHub/photometrypipeline/PP/2014-10-18/g/c4d_141018_051006_ooi_g_ls10_chip32-N2.fits,
c4d_141018_051855_ooi_g_ls10,2014-10-18T05:13:56.968928Z,2014-10-18,g,/Volumes/uranus/COC/SBSAR/2013_RN30/CTIO-4m_DECam/c4d_141018_051855_ooi_g_ls10/c4d_141018_051855_ooi_g_ls10.fits.fz,png_chip,selected,32,N2,33,93.965,2692.716,0.000,5.525,5.525,9.273205622,0.834462517,56948.218020474,/Users/orionadmin/GitHub/photometrypipeline/PP/2014-10-18/g/c4d_141018_051855_ooi_g_ls10_chip32-N2.fits,
c4d_141018_052746_ooi_g_ls10,2014-10-18T05:22:45.910281Z,2014-10-18,g,/Volumes/uranus/COC/SBSAR/2013_RN30/CTIO-4m_DECam/c4d_141018_052746_ooi_g_ls10/c4d_141018_052746_ooi_g_ls10.fits.fz,,skipped,,,,,,,5.525,5.525,9.272795593,0.834195905,56948.224142480,,target center outside all chips beyond uncertainty margin
c4d_141018_053632_ooi_g_ls10,2014-10-18T05:31:34.503563Z,2014-10-18,g,/Volumes/uranus/COC/SBSAR/2013_RN30/CTIO-4m_DECam/c4d_141018_053632_ooi_g_ls10/c4d_141018_053632_ooi_g_ls10.fits.fz,png_chip,selected,25,S2,26,1831.694,2672.134,0.000,5.525,5.525,9.272386057,0.833929479,56948.230260458,/Users/orionadmin/GitHub/photometrypipeline/PP/2014-10-18/g/c4d_141018_053632_ooi_g_ls10_chip25-S2.fits,
c4d_141018_054527_ooi_g_ls10,2014-10-18T05:40:22.799732Z,2014-10-18,g,/Volumes/uranus/COC/SBSAR/2013_RN30/CTIO-4m_DECam/c4d_141018_054527_ooi_g_ls10/c4d_141018_054527_ooi_g_ls10.fits.fz,,skipped,,,,,,,5.525,5.525,9.271976989,0.833663211,56948.236374997,,target center outside all chips beyond uncertainty margin
c4d_141018_055410_ooi_g_ls10,2014-10-18T05:49:11.125001Z,2014-10-18,g,/Volumes/uranus/COC/SBSAR/2013_RN30/CTIO-4m_DECam/c4d_141018_055410_ooi_g_ls10/c4d_141018_055410_ooi_g_ls10.fits.fz,,skipped,,,,,,,5.529,5.529,9.271568152,0.833396939,56948.242489873,,target center outside all chips beyond uncertainty margin
c4d_141018_060209_ooi_r_ls10,2014-10-18T05:57:34.624699Z,2014-10-18,r,/Volumes/uranus/COC/SBSAR/2013_RN30/CTIO-4m_DECam/c4d_141018_060209_ooi_r_ls10/c4d_141018_060209_ooi_r_ls10.fits.fz,,skipped,,,,,,,5.529,5.529,9.271178772,0.833143188,56948.248317415,,target center outside all chips beyond uncertainty margin
c4d_141018_061008_ooi_r_ls10,2014-10-18T06:05:32.971361Z,2014-10-18,r,/Volumes/uranus/COC/SBSAR/2013_RN30/CTIO-4m_DECam/c4d_141018_061008_ooi_r_ls10/c4d_141018_061008_ooi_r_ls10.fits.fz,png_chip,selected,25,S2,26,1864.907,2180.063,0.000,5.529,5.529,9.270809080,0.832902122,56948.253853835,/Users/orionadmin/GitHub/photometrypipeline/PP/2014-10-18/r/c4d_141018_061008_ooi_r_ls10_chip25-S2.fits,
c4d_141018_061806_ooi_r_ls10,2014-10-18T06:13:30.427023Z,2014-10-18,r,/Volumes/uranus/COC/SBSAR/2013_RN30/CTIO-4m_DECam/c4d_141018_061806_ooi_r_ls10/c4d_141018_061806_ooi_r_ls10.fits.fz,,skipped,,,,,,,5.529,5.529,9.270440316,0.832661512,56948.259379942,,target center outside all chips beyond uncertainty margin
c4d_141018_062606_ooi_r_ls10,2014-10-18T06:21:27.754969Z,2014-10-18,r,/Volumes/uranus/COC/SBSAR/2013_RN30/CTIO-4m_DECam/c4d_141018_062606_ooi_r_ls10/c4d_141018_062606_ooi_r_ls10.fits.fz,png_chip,selected,32,N2,33,152.963,2402.673,0.000,5.529,5.529,9.270071898,0.832420976,56948.264904571,/Users/orionadmin/GitHub/photometrypipeline/PP/2014-10-18/r/c4d_141018_062606_ooi_r_ls10_chip32-N2.fits,
c4d_141018_063400_ooi_r_ls10,2014-10-18T06:29:25.318476Z,2014-10-18,r,/Volumes/uranus/COC/SBSAR/2013_RN30/CTIO-4m_DECam/c4d_141018_063400_ooi_r_ls10/c4d_141018_063400_ooi_r_ls10.fits.fz,,skipped,,,,,,,5.532,5.532,9.269703556,0.832180330,56948.270431927,,target center outside all chips beyond uncertainty margin
c4d_141018_064159_ooi_r_ls10,2014-10-18T06:37:24.664060Z,2014-10-18,r,/Volumes/uranus/COC/SBSAR/2013_RN30/CTIO-4m_DECam/c4d_141018_064159_ooi_r_ls10/c4d_141018_064159_ooi_r_ls10.fits.fz,png_chip,selected,25,S2,26,1875.362,2617.965,0.000,5.532,5.532,9.269334108,0.831938794,56948.275979908,/Users/orionadmin/GitHub/photometrypipeline/PP/2014-10-18/r/c4d_141018_064159_ooi_r_ls10_chip25-S2.fits,
c4d_141018_064957_ooi_r_ls10,2014-10-18T06:45:22.481825Z,2014-10-18,r,/Volumes/uranus/COC/SBSAR/2013_RN30/CTIO-4m_DECam/c4d_141018_064957_ooi_r_ls10/c4d_141018_064957_ooi_r_ls10.fits.fz,,skipped,,,,,,,5.532,5.532,9.268966114,0.831698037,56948.281510206,,target center outside all chips beyond uncertainty margin
c4d_141018_065752_ooi_r_ls10,2014-10-18T06:53:19.963484Z,2014-10-18,r,/Volumes/uranus/COC/SBSAR/2013_RN30/CTIO-4m_DECam/c4d_141018_065752_ooi_r_ls10/c4d_141018_065752_ooi_r_ls10.fits.fz,,skipped,,,,,,,5.532,5.532,9.268598664,0.831457458,56948.287036614,,target center outside all chips beyond uncertainty margin
c4d_141018_070414_ooi_i_ls11,2014-10-18T07:00:27.312304Z,2014-10-18,i,/Volumes/uranus/COC/SBSAR/2013_RN30/CTIO-4m_DECam/c4d_141018_070414_ooi_i_ls11/c4d_141018_070414_ooi_i_ls11.fits.fz,,skipped,,,,,,,5.532,5.532,9.268270041,0.831242147,56948.291982781,,target center outside all chips beyond uncertainty margin
c4d_141018_071029_ooi_i_ls11,2014-10-18T07:06:45.265208Z,2014-10-18,i,/Volumes/uranus/COC/SBSAR/2013_RN30/CTIO-4m_DECam/c4d_141018_071029_ooi_i_ls11/c4d_141018_071029_ooi_i_ls11.fits.fz,png_chip,selected,25,S2,26,1867.118,2158.898,0.000,5.536,5.536,9.267979603,0.831051729,56948.296357236,/Users/orionadmin/GitHub/photometrypipeline/PP/2014-10-18/i/c4d_141018_071029_ooi_i_ls11_chip25-S2.fits,
c4d_141018_071648_ooi_i_ls11,2014-10-18T07:13:02.719825Z,2014-10-18,i,/Volumes/uranus/COC/SBSAR/2013_RN30/CTIO-4m_DECam/c4d_141018_071648_ooi_i_ls11/c4d_141018_071648_ooi_i_ls11.fits.fz,,skipped,,,,,,,5.536,5.536,9.267689739,0.830861568,56948.300725924,,target center outside all chips beyond uncertainty margin
c4d_141018_072306_ooi_i_ls11,2014-10-18T07:19:21.171239Z,2014-10-18,i,/Volumes/uranus/COC/SBSAR/2013_RN30/CTIO-4m_DECam/c4d_141018_072306_ooi_i_ls11/c4d_141018_072306_ooi_i_ls11.fits.fz,png_chip,selected,25,S2,26,1870.036,2613.141,0.000,5.536,5.536,9.267399304,0.830670911,56948.305106149,/Users/orionadmin/GitHub/photometrypipeline/PP/2014-10-18/i/c4d_141018_072306_ooi_i_ls11_chip25-S2.fits,
c4d_141018_072922_ooi_i_ls11,2014-10-18T07:25:38.530920Z,2014-10-18,i,/Volumes/uranus/COC/SBSAR/2013_RN30/CTIO-4m_DECam/c4d_141018_072922_ooi_i_ls11/c4d_141018_072922_ooi_i_ls11.fits.fz,,skipped,,,,,,,5.536,5.536,9.267109906,0.830480809,56948.309473737,,target center outside all chips beyond uncertainty margin
c4d_141029_050239_ooi_r_ls9,2014-10-29T05:01:03.583908Z,2014-10-29,r,/Volumes/uranus/COC/SBSAR/2013_RN30/CTIO-4m_DECam/c4d_141029_050239_ooi_r_ls9/c4d_141029_050239_ooi_r_ls9.fits.fz,png_chip,selected,41,N11,42,837.790,2563.304,0.000,6.901,6.901,8.603052963,0.385359630,56959.209069258,/Users/orionadmin/GitHub/photometrypipeline/PP/2014-10-29/r/c4d_141029_050239_ooi_r_ls9_chip41-N11.fits,
c4d_161223_033551_ooi_i_ls10,2016-12-23T03:34:13.238838Z,2016-12-23,i,/Volumes/uranus/COC/SBSAR/2013_RN30/CTIO-4m_DECam/c4d_161223_033551_ooi_i_ls10/c4d_161223_033551_ooi_i_ls10.fits.fz,png_chip,selected,60,N31,62,869.490,1009.935,0.000,333.662,333.662,44.917011701,3.256370207,57745.148764338,/Users/orionadmin/GitHub/photometrypipeline/PP/2016-12-23/i/c4d_161223_033551_ooi_i_ls10_chip60-N31.fits,
c4d_161223_033747_ooi_r_ls9,2016-12-23T03:36:11.779543Z,2016-12-23,r,/Volumes/uranus/COC/SBSAR/2013_RN30/CTIO-4m_DECam/c4d_161223_033747_ooi_r_ls9/c4d_161223_033747_ooi_r_ls9.fits.fz,png_chip,selected,22,S12,23,1579.902,1500.447,0.000,333.662,333.662,44.916958418,3.256370437,57745.150136337,/Users/orionadmin/GitHub/photometrypipeline/PP/2016-12-23/r/c4d_161223_033747_ooi_r_ls9_chip22-S12.fits,
c4d_161225_031300_ooi_i_ls10,2016-12-25T03:11:23.040669Z,2016-12-25,i,/Volumes/uranus/COC/SBSAR/2013_RN30/CTIO-4m_DECam/c4d_161225_031300_ooi_i_ls10/c4d_161225_031300_ooi_i_ls10.fits.fz,png_chip,selected,60,N31,62,829.904,34.431,0.000,332.601,332.601,44.845945435,3.258339402,57747.132905563,/Users/orionadmin/GitHub/photometrypipeline/PP/2016-12-25/i/c4d_161225_031300_ooi_i_ls10_chip60-N31.fits,
c4d_161225_031457_ooi_g_ls9,2016-12-25T03:13:22.557729Z,2016-12-25,g,/Volumes/uranus/COC/SBSAR/2013_RN30/CTIO-4m_DECam/c4d_161225_031457_ooi_g_ls9/c4d_161225_031457_ooi_g_ls9.fits.fz,png_chip,selected,22,S12,23,1539.030,529.606,0.000,332.597,332.597,44.845896036,3.258341785,57747.134288863,/Users/orionadmin/GitHub/photometrypipeline/PP/2016-12-25/g/c4d_161225_031457_ooi_g_ls9_chip22-S12.fits,
